company,first_name,last_name,phone,email,city,state,green_flags,dm_target,notes,source_url
Red Mountain Weight Loss,,,4809817484,,Gilbert,AZ,GLP1|BODY|MULTI_LOCATION,Practice manager / clinical lead,High-volume weight-loss brand with med-spa services; open on post-weight-loss contouring follow-up and patient education cadence,https://redmountainweightloss.com/
Azani Medical Spa,,,4804227404,,Gilbert,AZ,BODY|SKIN_TIGHTENING,Owner / medical director,Full-service aesthetics shop; ask how they explain body and skin packages after injectable consults,https://www.azanimedicalspa.com/
New Radiance Cosmetic Center,,,4806566711,,Chandler,AZ,BODY|SKIN_TIGHTENING,Practice manager,Multi-modality cosmetic center; position T-Shape 2 as another non-invasive body conversation for consult flow,https://newradiancecosmeticcenters.com/chandler/
Radiance Medspa,,,4809050616,,Scottsdale,AZ,SKIN_TIGHTENING|MULTI_LOCATION,Owner / practice manager,Established Scottsdale med-spa brand; lead with consistent consult scripting across service lines,https://radiancemedspa.com/
Injections by Megan,,,4802900777,,Scottsdale,AZ,MEDICAL_OVERSIGHT|SKIN_TIGHTENING,Owner injector,Boutique injector-led practice; ask about recall and education for clients asking about laxity after weight changes,https://injectionsbymegan.com/
Elite Physique Medical Weight Loss,,,4806965577,,Tempe,AZ,GLP1|MEDICAL_OVERSIGHT,Clinical director,Medical weight-loss positioning; strong opener on adding body and skin next-step conversations after goal-weight milestones,https://www.elitephysiqueaz.com/
Pure Youth Wellness & Aesthetics,,,4804575504,,Queen Creek,AZ,MEDICAL_OVERSIGHT|SKIN_TIGHTENING,Owner / clinical lead,Wellness plus aesthetics positioning; ask how they guide patients from internal wellness goals to visible confidence goals,https://pureyouthwellness.com/
DrSkin Medical Spa,,,6237076565,,Goodyear,AZ,BODY|MULTI_LOCATION,Regional ops / practice manager,Multi-location med spa; corporate-style playbooks and staff training are the call wedge,https://www.drskin.com/goodyear/
Allure Medical Spa,,,6237768686,,Glendale,AZ,BODY|SKIN_TIGHTENING,Practice manager,West Valley broad-menu med spa; ask how they train front desk on new body treatment FAQs,https://www.alluremedicalspa.com/
Dr Weight Loss of Arizona,,,6234879646,,Peoria,AZ,GLP1,Owner / clinic manager,Weight-forward brand; use a direct opener on loose-skin and contouring questions after weight-loss wins,https://www.drweightlossofarizona.com/
DrSkin Medical Spa,,,6239772887,,Glendale,AZ,BODY|MULTI_LOCATION,Practice manager,Arrowhead market location; compare consistency needs across multiple DrSkin offices if routed to corporate,https://www.drskin.com/arrowhead/
DrSkin Medical Spa,,,4806569191,,Chandler,AZ,BODY|MULTI_LOCATION,Practice manager,East Valley DrSkin location; use a multi-site training and service adoption angle,https://www.drskin.com/chandler/
DrSkin Medical Spa,,,4805657741,,Mesa,AZ,BODY|MULTI_LOCATION,Practice manager,Mesa DrSkin footprint; ask whether body consult volume is handled locally or through central ops,https://www.drskin.com/mesa/
Contour Medical,,,5203234464,info@contourmedical.com,Tucson,AZ,BODY|SKIN_TIGHTENING|MEDICAL_OVERSIGHT,Owner / MD,Public site email listed and device-heavy menu; open on clear after-care and expectation-setting content,https://contourmedical.com/
DrSkin Medical Spa,,,5208854555,,Tucson,AZ,BODY|MULTI_LOCATION,Practice manager,Tucson DrSkin location; useful if corporate wants consistent body-treatment scripting,https://www.drskin.com/tucson/
DrSkin Medical Spa,,,9287748384,,Flagstaff,AZ,BODY|MULTI_LOCATION,Practice manager,Northern Arizona location; smaller market angle is efficient onboarding and retention follow-up,https://www.drskin.com/flagstaff/
Rejenesis Health + Wellness,,,4807780883,,Phoenix,AZ,GLP1|MEDICAL_OVERSIGHT|SKIN_TIGHTENING,Doctor / owner,Concierge wellness and medical weight-loss mix; bridge from metabolic care to non-invasive body confidence,https://www.rejenesishealth.com/ahwatukee-az-rejenesis-health-wellness
Gameday Men's Health,,,9284332277,,Flagstaff,AZ,GLP1|MULTI_LOCATION,Clinic director,Men's health brand with weight offerings; ask about protocol education and body-composition conversations,https://gamedaymenshealth.com/flagstaff-az/
Optimal Health & Wellness,,,9288560656,,Flagstaff,AZ,MEDICAL_OVERSIGHT|SKIN_TIGHTENING,Owner / clinical lead,Small-market wellness clinic; quick-win opener is staff education around new wellness-to-aesthetics inquiries,https://www.flagstaffoptimalwellness.com/
Ultra Smooth Skin,Lisa,Williams,4809913038,,Scottsdale,AZ,COOLSCULPTING|BODY|CELLULITE|SKIN_TIGHTENING|MULTI_LOCATION,NP / owner,Lists CoolSculpting and ZWave cellulite work; ask if patients are also asking for skin texture and laxity options,https://www.ultrasmoothskin.com/
Elite Medspa,,,4803067766,,Scottsdale,AZ,EMSCULPT|BODY|CELLULITE|SKIN_TIGHTENING|MULTI_LOCATION,Owner / operations lead,Body-contouring-heavy Scottsdale practice; lead with gap between muscle/fat devices and laxity or cellulite conversations,https://elitemedspaaz.com/
Arizona Medical Medspa,,,4807660550,,Scottsdale,AZ,GLP1|MEDICAL_OVERSIGHT,Board-certified provider / clinic lead,Semaglutide and tirzepatide page is explicit; use a post-weight-loss body-confidence opener,https://arizonamedicalmedspa.com/weight-loss
MedSpa810 Scottsdale,,,4805138813,,Scottsdale,AZ,COOLSCULPTING|BODY,Practice manager,Lists CoolSculpting and non-surgical body contouring; ask how they position alternatives for clients not wanting cryo,https://medspa810scottsdale.com/body/
Hollywood Med Spa,,,4803988400,info@hwdmedspa.com,Scottsdale,AZ,COOLSCULPTING|BODY|SKIN_TIGHTENING|MULTI_LOCATION,Owner / practice manager,CoolSculpting and skin-tightening menu with two locations; call on body-device mix and staff education,https://www.hwdmedspa.com/
Vitality Slim Clinic,,,4808635533,,Scottsdale,AZ,GLP1|BODY|MEDICAL_OVERSIGHT,Clinic director,Doctor-supervised GLP-1 and body contouring are both visible; ask about add-on options after weight milestones,https://vitalityslimclinic.com/
Contour You,,,6023902015,,Scottsdale,AZ,COOLSCULPTING|BODY,Owner / practice manager,North Scottsdale med spa with CoolSculpting messaging; open on non-invasive body demand and differentiation,https://www.contouryou.com/contact
Sensational Skin,,,4805969111,,Scottsdale,AZ,GLP1|COOLSCULPTING|BODY|REVIEWS,Owner / CoolSculpting lead,Major CoolSculpting presence plus tirzepatide messaging; contrast body-shaping demand after GLP-1 interest,https://www.sensationalskin.com/
Contour Spa Scottsdale,,,6232632191,,Scottsdale,AZ,CELLULITE|BODY|SKIN_TIGHTENING|MULTI_LOCATION,Owner / studio lead,Cryo slimming and cellulite language is front and center; pitch an adjacent non-invasive tightening conversation,https://scottsdale.contourspa.com/
Blume Skin & Body,,,4806997999,,Scottsdale,AZ,COOLSCULPTING|BODY|REVIEWS|MEDICAL_OVERSIGHT,Medical director / practice manager,Award-winning med spa with CoolSculpting Elite; ask if newer body-tech options are on their 2026 roadmap,https://blumeskintreatment.com/contact/
Semaglutide Pro,,,4806403878,,Scottsdale,AZ,GLP1,Clinic lead,Semaglutide-focused weight-loss clinic; use the most direct opener on post-weight-loss laxity and cellulite questions,https://www.semaglutidepro.com/
Arizona Weightloss and Wellness,,,4807512205,iepm@edlcofaz.com,Scottsdale,AZ,GLP1|MEDICAL_OVERSIGHT,Owner / clinical lead,GLP-1 medical weight-loss services are explicit; ask whether they want an aesthetics partner path for goal-weight patients,https://azweightlossandwellness.com/
Lifestyle Health + Aesthetics,Ashley,Powell,4804623730,,Scottsdale,AZ,GLP1|MEDICAL_OVERSIGHT,NP / owner,NP-led practice lists GLP-1 and aesthetics; open with education-heavy consult workflows and follow-up cadence,https://www.schedulicity.com/scheduling/LHID8G
iThriveMD Scottsdale,,,6196120672,,Scottsdale,AZ,GLP1|MEDICAL_OVERSIGHT|REVIEWS,Clinic director,Local longevity clinic with GLP-1 care and medical oversight; ask about body-composition and confidence goals after weight loss,https://www.ithrivemd.com/locations/scottsdale
Phoenix NP,Jenny,Vu,4803820176,info@phoenixnptelehealth.com,Phoenix,AZ,GLP1|MEDICAL_OVERSIGHT,NP founder,Women-focused Arizona GLP-1 telehealth; ask whether they refer patients seeking non-invasive body or skin tightening,https://www.phoenixnp.com/
Nulevel Wellness Medspa,,,4807717816,,Gilbert,AZ,GLP1|MEDICAL_OVERSIGHT,Owner / clinical lead,Provider-supervised semaglutide and wellness positioning; use a weight-loss-to-aesthetic-confidence bridge,https://nulevelwellnessmedspa.com/contact/
CurateMD Skin Bar and Wellness Clinic,,,6029190345,,Chandler,AZ,GLP1|BODY|MEDICAL_OVERSIGHT,Medical director / clinic manager,Chandler clinic lists weight loss and body contouring; ask how they package body goals with semaglutide demand,https://curatemdskinbar.com/
LightRx Phoenix Mesa,,,4804984451,,Mesa,AZ,BODY|CELLULITE|SKIN_TIGHTENING|MULTI_LOCATION,Clinic director,Body contouring and cellulite reduction are core offers; opener is adding a device story for laxity and texture,https://www.lightrx.com/locations/mesa
VIA Health & Medspa,,,6234007138,,Chandler,AZ,GLP1|EMSCULPT|MORPHEUS8|BODY|MEDICAL_OVERSIGHT,Medical director / operations lead,Morpheus8 plus Emsculpt Neo plus weight-loss menu; strong fit for a multi-modality body platform discussion,https://viahealthcare.com/services/
Dermaster Arizona,,,4807662244,dermasteraz@gmail.com,Chandler,AZ,GLP1|BODY|SKIN_TIGHTENING,Owner / clinic manager,Lists weight loss and body contouring; ask whether they want a broader non-invasive body program,https://www.dermaster-az.com/services
Contour Spa Gilbert,,,6235263180,,Chandler,AZ,CELLULITE|BODY|SKIN_TIGHTENING|MULTI_LOCATION,Studio lead,Gilbert-branded Contour Spa serving Chandler; cellulite and loose-skin language matches T-Shape 2 hooks,https://gilbert.contourspa.com/
Georgia Beauty LLC,Georgia,Soto,5209900857,sarrissoto@gmail.com,Mesa,AZ,BODY|CELLULITE,Owner,Cryo T-Shock body sculpting listing; direct opener on upgrading a body-contouring stack with professional device support,https://www.schedulicity.com/scheduling/GBLP2DN
Gemini Body Wraps & Sculpting Spa,,,4808282677,,Chandler,AZ,BODY|SKIN_TIGHTENING,Owner / studio lead,Body wrap and sculpting shop with inch-loss positioning; ask if they want a medically credible device conversation,https://geminiwraps.com/contact-us
AZ Laser Studio & Medspa,,,4804504809,info.azlaserstudio@gmail.com,Mesa,AZ,GLP1|BODY|SKIN_TIGHTENING|REVIEWS|MEDICAL_OVERSIGHT,Owner / provider,Physician-supervised weight-loss and body-contouring services; strong East Valley fit with review volume,https://azlaserstudiomedspa.com/contact-us/
Empower Aesthetics and Wellness,,,4803007350,,Chandler,AZ,GLP1|BODY|SKIN_TIGHTENING,Owner / clinical lead,Lists EvolveX body contouring and semaglutide; ask about demand for laxity-focused packages,https://empoweraestheticsandwellness.com/
Echo Beauty Medspa,,,4804336242,info@echobeautymedspa.com,Mesa,AZ,GLP1,Owner / clinic lead,Semaglutide is featured in a beauty-wellness setting; open on adding a body-confidence lane after appetite-control wins,https://echobeautymedspa.com/
BB Beauty Lounge Central Tucson,,,5207712359,info@beautyloungeaz.com,Tucson,AZ,GLP1|EMSCULPT|BODY|MEDICAL_OVERSIGHT,Medical director / owner,Medical weight loss plus Emsculpt Neo and Exion; call on post-weight-loss body offerings for Tucson clients,https://www.beautyloungeaz.com/
BB Beauty Lounge Catalina Foothills,,,5204848814,info@beautyloungeaz.com,Tucson,AZ,GLP1|EMSCULPT|BODY|GROWTH,Medical director / site lead,Foothills expansion signal plus body devices; ask about launch plans and cross-selling body packages,https://www.beautyloungeaz.com/
LK Beauty Med Spa & Body Contouring,,,4807816161,,Phoenix,AZ,MORPHEUS8|BODY|SKIN_TIGHTENING,Owner / practice manager,Phoenix med spa lists Morpheus8 and body contouring; use a non-invasive tightening and texture opener,https://www.cylex.us.com/company/lk-beauty-med-spa---body-contouring-36425337.html
Moon Valley Med Spa,,,6023918889,,Phoenix,AZ,GLP1|MEDICAL_OVERSIGHT,Owner / clinic manager,Public profile lists semaglutide medical weight loss; ask how they handle follow-up questions once patients start changing shape,https://ezlocal.com/az/phoenix/medical-spa/0917932473/
Restora Med Spa,Melinda,Atienza,4807447110,,Scottsdale,AZ,GLP1|EMSCULPT|BODY|MEDICAL_OVERSIGHT,Internal medicine physician,Medical weight loss plus Emsculpt Neo is explicit; position T-Shape 2 around laxity and cellulite adjacency,https://restoramedspa.com/
Eastside Microblading & Beauty,,,4804206105,info@eastsidemicroblading.com,Scottsdale,AZ,BODY|CELLULITE|REVIEWS,Owner / studio lead,Cryo body sculpting and high-volume permanent makeup brand; ask about adding a medically framed body service,https://eastsidemicroblading.com/contact/
SkinE Spa,,,4806600270,,Scottsdale,AZ,BODY|CELLULITE|SKIN_TIGHTENING,Owner / studio lead,Body-contouring-only profile with slimming and skin-firming claims; direct device-upgrade prospect,https://www.mapquest.com/us/arizona/skine-spa-424141947
Lazaderm Chandler,Amy,OHara,4805737546,,Chandler,AZ,COOLSCULPTING|BODY|MEDICAL_OVERSIGHT,Medical director / clinic lead,Physician-led clinic with CoolSculpting Elite; ask if they are comparing non-cryo body options,https://www.lazaderm.com/locations/chandler-az
Thee Body Garage,,,4803236793,,Scottsdale,AZ,COOLSCULPTING|BODY|REVIEWS,Owner / CoolSculpting lead,CoolSculpting-only studio; ask about clients who want contouring plus laxity or texture support,https://theebodygarage.com/
Med Spa AZ,,,4809307546,,Scottsdale,AZ,SKIN_TIGHTENING|MEDICAL_OVERSIGHT,Owner / practice manager,Local med-spa menu and phone are public; opener is whether body services are a growth priority this quarter,https://medspaaz.com/wp-content/uploads/2021/07/med-spa-az-price-menu.pdf
Transform Scottsdale,,,4802230933,,Scottsdale,AZ,GLP1|REVIEWS,Owner / clinic lead,Weight-loss clinic listing with strong local reviews; use a referral-style ask around post-weight-loss aesthetics,https://formblends.com/directory/transform-scottsdale-scottsdale-az
Innova MedSpa,,,6029731774,,Phoenix,AZ,GLP1|MEDICAL_OVERSIGHT,Clinic manager,Weight-loss and IV med-spa profile; opener is structured education and body next-step consults,https://formblends.com/directory/innova-medspa-phoenix-az
Glo Medspa,,,4802456881,,Scottsdale,AZ,COOLSCULPTING|BODY|SKIN_TIGHTENING,Owner / practice manager,Directory lists CoolSculpting and body contouring; ask if current body-device mix covers cellulite and laxity,https://thescottsdaleliving.com/places/glo-medspa/
The Hormone Zone Med Spa,,,9289108210,,Prescott,AZ,GLP1|COOLSCULPTING|EMSCULPT|MORPHEUS8|MEDICAL_OVERSIGHT,Owner / medical director,Prescott med spa lists semaglutide and multiple body devices; high-priority technical comparison call,https://www.startus.cc/company/hormone-zone-med-spa-prescott-arizona
Red Mountain Weight Loss,,,4806136787,,Mesa,AZ,GLP1|COOLSCULPTING|BODY|MULTI_LOCATION,Practice manager / clinical lead,Mesa location lists CoolSculpting and med-spa services; ask how body offerings are tied to weight-loss outcomes,https://www.redmountainweightloss.com/med-spa/locations/mesa-az/
Ideal Image,,,3033216262,,Denver,CO,BODY|MULTI_LOCATION,General manager,Cherry Creek retail aesthetics brand; corporate ops may care about consistent messaging and consult conversion,https://www.idealimage.com/locations/co/denver-cherry-creek/
Embrace Medical Spa,,,3037920656,,Denver,CO,SKIN_TIGHTENING|MEDICAL_OVERSIGHT,Owner / practice manager,Denver full-service med spa; ask how they document consult goals across skin and body services,https://www.embracemedicalspa.com/
ReDerm MD Medical Spa,,,7205506476,,Denver,CO,BODY|SKIN_TIGHTENING|MEDICAL_OVERSIGHT,Practice manager / MD,Device-heavy Cherry Creek South clinic; useful technical opener around treatment menus and FAQs,https://www.redermmd.com/
Peak Image Med Spa,,,3039510293,,Denver,CO,BODY,Owner / practice manager,RiNo med-spa positioning; ask about peak-season lead surges and body package follow-up,https://peakimagedenver.com/
FIT Medical Weight Loss,,,3033228916,,Denver,CO,GLP1|MULTI_LOCATION,Clinic lead,FIT brand with telemedicine options; strong match for structured patient communications after weight loss,https://www.fitmedicalweightloss.com/Locations/Denver-Colorado
FIT Medical Weight Loss,,,3037554334,,Aurora,CO,GLP1|MULTI_LOCATION,Clinic lead,East Denver metro FIT location; ask if local teams handle body-referral questions after GLP-1 consults,https://www.fitmedicalweightloss.com/Locations/Aurora-Colorado
FIT Medical Weight Loss,,,3034407026,,Boulder,CO,GLP1|MULTI_LOCATION,Clinic lead,Boulder FIT location; wellness-oriented audience may respond to non-invasive body confidence framing,https://www.fitmedicalweightloss.com/Locations/Boulder-Colorado
FIT Medical Weight Loss,,,7196397989,,Colorado Springs,CO,GLP1|MULTI_LOCATION,Clinic lead,Springs FIT location; military and outdoor market angle is practical education and reliability,https://www.fitmedicalweightloss.com/Locations/Colorado-Springs-Colorado
Rose Medical Aesthetics,Amy,Wolthoff,7193725655,,Colorado Springs,CO,MEDICAL_OVERSIGHT|SKIN_TIGHTENING,Owner injector,Owner-named aesthetics practice; pitch personal service plus simple staff-ready treatment education,https://roseinjectables.com/
Rejuvenate Med Spa,,,7193750777,,Colorado Springs,CO,SKIN_TIGHTENING,Practice manager,Established Springs med spa; ask about seasonal promo cadence and body add-on appetite,https://www.rejuvenatemedspa.com/
Skinatomy,,,7194390999,,Colorado Springs,CO,MEDICAL_OVERSIGHT|SKIN_TIGHTENING,Owner / clinic lead,Wellness and aesthetics framing; connect patient education with body-confidence consults,https://skinatomy.com/
Alchemy Face Bar,,,3039970566,,Denver,CO,MULTI_LOCATION,Area manager,Multi-studio aesthetics brand; playbook consistency is the wedge for any new service line,https://alchemyfacebar.com/pages/denver
Alchemy Face Bar,,,7209409335,,Boulder,CO,MULTI_LOCATION,Studio lead,Boulder studio; call on repeatable scripting for wellness-minded clients asking about body options,https://alchemyfacebar.com/pages/boulder
Alchemy Face Bar,,,9708180999,,Fort Collins,CO,MULTI_LOCATION,Studio lead,Northern Colorado studio; smaller-team angle is fast onboarding and simple call tracks,https://alchemyfacebar.com/pages/fort-collins
Sculpted Colorado,,,3039557373,,Denver,CO,BODY|CELLULITE,Owner,Body-focused positioning; ask about before-after storytelling and expectation-setting,https://www.sculptedcolorado.com/
Ave Medical Aesthetics,,,3038055486,,Parker,CO,SKIN_TIGHTENING,Practice manager,Suburban med-spa audience; convenience and clear treatment education are likely to land,https://www.avemedical.com/
Elixir Medical Aesthetics,,,7193777416,,Monument,CO,MEDICAL_OVERSIGHT|SKIN_TIGHTENING,Owner,Community-oriented Monument practice; lead with local referral trust and easy staff training,https://www.elixir-medical.com/
FIT Medical Weight Loss,,,9706727205,,Fort Collins,CO,GLP1|MULTI_LOCATION,Clinic lead,Fort Collins FIT location; hybrid telehealth positioning makes follow-up education a strong angle,https://www.fitmedicalweightloss.com/Locations/Fort-Collins-Colorado
Synergy Face + Body,,,9709208224,,Aspen,CO,BODY|SKIN_TIGHTENING,GM / owner,Aspen luxury positioning; premium guest experience and body-confidence packages are the opener,https://synergyfaceandbody.com/the-aspen-spa/
Ignite Medical Spa,,,8559164426,,Westminster,CO,SKIN_TIGHTENING|MULTI_LOCATION,Owner / operations lead,Toll-free intake and multi-market model; confirm local decision path then use consistency angle,https://www.ignite-medical-spa.com/
Venus Medi Spa,,,7193944463,,Colorado Springs,CO,MORPHEUS8|BODY|SKIN_TIGHTENING,Practice manager / provider,Lists Morpheus8 Body and body contouring; ask if they want non-invasive cellulite and laxity coverage,https://www.venusmedispa.com/
Genesis MedSpa,,,7195796890,,Colorado Springs,CO,BODY|GLP1|MEDICAL_OVERSIGHT,Owner / practice manager,Established since 2007 with weight loss and body contouring; call on mature patient flow and service expansion,https://www.genesis-medspa.com/
Timeless Aesthetics,,,7194259336,,Colorado Springs,CO,GLP1|MORPHEUS8|BODY,Owner / clinic lead,Lists EvolveX and semaglutide together; strong body-after-weight-loss opener,https://www.timelessaestheticsllc.com/body/
Defiance Health,,,7194802400,,Centennial,CO,GLP1|EMSCULPT|BODY|MEDICAL_OVERSIGHT,Clinical lead,GLP-1 plus Emsculpt Neo and body composition tracking; open on preserving confidence during weight loss,https://www.defiance-health.com/medical-aesthetics
AOB Med Spa,Kathi,Kotelko,3037775030,,Greenwood Village,CO,COOLSCULPTING|BODY|REVIEWS|MEDICAL_OVERSIGHT,Clinic director / owner,Top CoolSculpting practice with review volume; ask if they are evaluating non-cryo body tech,https://www.aobmedspa.com/
Ascent Trim & Wellness,,,7194458746,,Colorado Springs,CO,GLP1|BODY|CELLULITE|SKIN_TIGHTENING,Owner / clinical lead,GLP-1 programs plus RF skin tightening and EMS body work; highly aligned for T-Shape 2 education call,https://citysquares.com/b/ascent-trim-wellness-26952046
Premier MediSpa,Gregory,Bland,7195997768,,Colorado Springs,CO,COOLSCULPTING|EMSCULPT|BODY|CELLULITE|MEDICAL_OVERSIGHT,Medical director / owner,Body page lists EMSCULPT and CoolSculpting; technical comparison and cellulite gap are useful hooks,https://premedspa.com/body-sculpting-rejuvenation/
La Fontaine Aesthetics,Ken,Oleszek,3033554772,,Denver,CO,COOLSCULPTING|EMSCULPT|BODY|MEDICAL_OVERSIGHT,Medical director,Physician-led Cherry Creek med spa with CoolSculpting Elite and Emsculpt; call on differentiated body platform mix,https://www.denverfusionspa.com/contact/
Body Massage Wellness Spa,,,3038932543,,Denver,CO,COOLSCULPTING|BODY,Owner / studio lead,Menu lists CoolSculpting and lipo laser; ask about stepping up from spa body services to a pro device story,https://bodymassagewellnessspa.com/med-spa/
Gleam Medical Spa,Brianna,Tonn,3035077823,info@gleammedspa.com,Denver,CO,EMSCULPT|BODY|REVIEWS,Contact / practice lead,Emsculpt NEO is a core offer; ask about clients asking for fat plus skin texture support,https://gleammedspa.com/services/emsculpt-neo-in-denver/
Glitzy MD,,,3039814485,info@glitzylashes.com,Denver,CO,GLP1|REVIEWS|MEDICAL_OVERSIGHT,Owner / clinic lead,Semaglutide and tirzepatide are front-and-center; use a post-weight-loss body option opener,https://glitzylashes.com/
SASA Med Spa,,,7203834451,druma@sasamedspa.com,Thornton,CO,GLP1|MEDICAL_OVERSIGHT,Owner / provider,Medical weight-loss pricing is explicit; ask whether they want a non-invasive body path for GLP-1 patients,https://sasamedspa.com/medical-weight-loss/
Health Now Med Spa,,,7203886332,,Englewood,CO,GLP1|MORPHEUS8|MEDICAL_OVERSIGHT,Owner / clinic manager,Public listing shows Morpheus8 and GLP-1; open on combining body contouring with skin-tightening demand,https://www.mapquest.com/us/colorado/health-now-med-spa-431116805
Xanadu Med Spa,,,9704821889,Info@XanaduMedSpa.com,Fort Collins,CO,GLP1|COOLSCULPTING|EMSCULPT|BODY|REVIEWS,Owner / medical director,Large Northern Colorado med spa with body and weight-loss stack; high-priority multi-modality comparison call,https://bodycontouring.xanadumedspa.com/contact/
Harmony Skin & Wellness Clinic,,,9702828266,,Fort Collins,CO,BODY|SKIN_TIGHTENING|MEDICAL_OVERSIGHT,Owner / clinic manager,Woman-owned med spa with body contouring and long history; call on service-line modernization,https://harmonyskin.com/
Premier Skin Clinic,,,9702211285,,Fort Collins,CO,BODY|SKIN_TIGHTENING,Practice manager,Northern Colorado body-contouring spa; ask about demand for cellulite and laxity language,https://premierskinclinic.com/g-home/
RoyCe Spa & Aesthetics Main Fort Collins,,,9706664799,roycespafoco@gmail.com,Fort Collins,CO,BODY|MULTI_LOCATION,Owner / main location manager,Multi-location spa group adding body contouring; ask who owns the medical services roadmap,https://www.roycespas.com/body-contouring
RoyCe Spa & Aesthetics,,,9709885299,roycespaloveland@gmail.com,Loveland,CO,BODY|MULTI_LOCATION,Location manager,Loveland location within regional spa group; use expansion and training consistency angle,https://www.roycespas.com/body-contouring
RoyCe Spa & Aesthetics Midtown Fort Collins,,,9709887979,roycespamidtownfoco@gmail.com,Fort Collins,CO,BODY|MULTI_LOCATION,Location manager,Midtown Fort Collins location; ask if body-contouring launch needs stronger device differentiation,https://www.roycespas.com/body-contouring
Me Wellness & Med Spa,,,9708934613,info@mewellnessandmedspa.com,Fort Collins,CO,GLP1|MEDICAL_OVERSIGHT,Owner / clinic lead,Medical weight-loss and hormone clinic; opener is body-confidence add-ons after metabolic progress,https://www.n49.com/biz/6626687/me-wellness-med-spa-co-fort-collins-2580-e-harmony-rd/
Simply MedSpa,,,7194337700,,Colorado Springs,CO,GLP1|EMSCULPT|MORPHEUS8|BODY|MEDICAL_OVERSIGHT,Owner / operations lead,Comprehensive med spa with Emsculpt Neo and semaglutide; strong fit for device-stack comparison,https://simplymedspa.com/
LightRx Colorado Springs,,,7193558459,,Colorado Springs,CO,BODY|CELLULITE|SKIN_TIGHTENING|MULTI_LOCATION,Clinic director,Body contouring and cellulite reduction are core services; ask if they need a stronger laxity story,https://www.lightrx.com/locations/colorado-springs/
ZenVita MedSpa,Keysha,Griffin,7202248024,zenvitamedspa@gmail.com,Aurora,CO,GLP1|BODY|MEDICAL_OVERSIGHT,NP founder,NP-led med spa with medical weight management and body treatments; direct fit for T-Shape 2 discovery,https://www.zenvitamedspa.com/contactus
Enlighten Tan & Med Spa,,,7205996340,info@EnlightenTanSpa.com,Aurora,CO,EMSCULPT|BODY|CELLULITE|SKIN_TIGHTENING,Owner / spa manager,Aurora med spa lists Emsculpt and cellulite/fat services; ask about non-invasive tightening demand,https://www.enlightentanspa.com/
Defy Medical Spa,Lisa,Gieseke,7202880880,,Denver,CO,GLP1|BODY|SKIN_TIGHTENING|MEDICAL_OVERSIGHT,Owner / doctor,Semaglutide and Venus body sculpting are visible; lead with treatment mix and patient education,https://www.defymedicalspa.com/
NuWave Cryotherapy Skin & Light Spa,,,7195964444,,Colorado Springs,CO,BODY|CELLULITE|SKIN_TIGHTENING,Owner / studio lead,Cryo and non-surgical body sculpting profile; ask about moving from wellness sessions to a medical-aesthetic device,https://www.startus.cc/company/nuwave-cryotherapy-skin-light-spa
Springs Body Sculpting,,,7193870630,,Colorado Springs,CO,BODY,Owner / studio lead,Body-sculpting med spa with direct contouring focus; opening question is what device lane is missing now,https://www.startus.cc/company/springs-body-sculpting
Refine Aesthetics,,,7193319483,,Colorado Springs,CO,COOLSCULPTING|BODY,Owner / provider,CoolSculpting is listed for fat loss and body contouring; use non-cryo and skin texture as the gap,https://www.mylocalservices.com/Refine%2BAesthetics-Colorado%2BSprings-Colorado-22984887.html
Natura Med Spa & IV Bar,,,7205135786,,Aurora,CO,GLP1|BODY|MEDICAL_OVERSIGHT|MULTI_LOCATION,Operations lead,Two Colorado locations and med-spa IV bar model; ask who evaluates new device economics,https://naturamedspaivbar.com/contact/
Redwood Medical,,,7204853178,info@redwood-medical.com,Castle Rock,CO,GLP1|MEDICAL_OVERSIGHT|REVIEWS,Owner / physician,Physician-operated medical weight-loss clinic; opener is referral path for body confidence after GLP-1 progress,https://semaglutidenearme.org/places/redwood-medical/
Rejuvenate MedSpa,,,3032796100,,Golden,CO,BODY|SKIN_TIGHTENING|MULTI_LOCATION,Practice manager,Regional med-spa group with multiple CO locations; ask if body treatment messaging is standardized,https://www.rejuvenatecolorado.com/contact/
Rejuvenate MedSpa,,,3039512102,,Denver,CO,BODY|SKIN_TIGHTENING|MULTI_LOCATION,Practice manager,Cherry Creek Rejuvenate location; use multi-location service rollout as the wedge,https://www.rejuvenatecolorado.com/contact/
Rejuvenate MedSpa,,,7193801823,,Colorado Springs,CO,BODY|SKIN_TIGHTENING|MULTI_LOCATION,Practice manager,Colorado Springs Rejuvenate location; ask about launch support and local staff training,https://www.rejuvenatecolorado.com/contact/
Redbud Medical Spa,,,7205938844,service@redbudmedicalspa.com,Denver,CO,GLP1|MEDICAL_OVERSIGHT,Owner / clinic lead,Semaglutide and hormone wellness profile; bridge from whole-human wellness to non-invasive body confidence,https://semaglutidenearme.org/places/redbud-medical-spa/
Sculpted MD,,,7204547996,,Castle Rock,CO,GLP1,Clinic director,Semaglutide clinic page targets Castle Rock; ask if they receive requests for skin or contouring after weight loss,https://www.sculptedmd.com/colorado/castle-rock/semaglutide/
Revive Drip Medspa,,,7202487355,Info@revivedripmedspa.com,Denver,CO,MEDICAL_OVERSIGHT|SKIN_TIGHTENING,Owner / clinic manager,Denver injectable and IV med spa; use service expansion and consult add-on angle,https://www.revivedripmedspa.com/contact
Revitalized Health,,,7203612302,,Englewood,CO,GLP1|MEDICAL_OVERSIGHT,Owner / clinical lead,Mobile and clinic restorative health model; ask whether body contouring referrals are staying in-house,https://revitalized-health.com/contact/
Sunflower Spa,,,3034851390,,Longmont,CO,GLP1|MEDICAL_OVERSIGHT,Medical director / spa manager,Longmont medi-spa offering semaglutide; ask about post-weight-loss body concerns among existing spa clients,https://www.everyoneblooms.com/medi-spa/semaglutide/
Institute for Ageless Living,,,7203405522,wellness@if-al.com,Longmont,CO,EMSCULPT|BODY|MEDICAL_OVERSIGHT,Clinic director,Emsculpt Neo in regenerative medicine setting; opener is body-contouring stack plus functional wellness framing,https://instituteforagelessliving.com/services/emsculpt-neo/
Dermatology of the Rockies,,,3035322810,info@dermatologyoftherockies.com,Longmont,CO,EMSCULPT|BODY|MEDICAL_OVERSIGHT,Practice manager / dermatologist,Emsculpt Neo instructions are public for the Longmont campus; ask if they want a broader skin-texture body platform,https://dermatologyoftherockies.com/wp-content/uploads/2025/02/EmSculpt-Pre-and-Post-04-20-22.pdf
Vitality Women's Healthcare,Melissa,Nevarez,5059981590,,Albuquerque,NM,MEDICAL_OVERSIGHT|SKIN_TIGHTENING,Owner / clinician,Women's health-led practice with aesthetics crossover; call on trust and education for wellness patients,https://vitalitywomenshealthcare.com/
The Skin RN,Francine,Ortiz,8774174551,,Albuquerque,NM,MEDICAL_OVERSIGHT,Owner / injector trainer,Injector training brand; credibility and provider education are the strongest hooks,https://www.theskinrnabq.com/
Clear Sky Medical Weight Loss,,,5057967959,,Albuquerque,NM,GLP1|MEDICAL_OVERSIGHT,Medical director / clinic manager,Telehealth-forward weight-loss clinic; ask about post-weight-loss body referral gaps,https://clearskymedicalweightloss.com/
FIT Medical Weight Loss,,,5055579126,,Santa Fe,NM,GLP1|MULTI_LOCATION,Clinic lead,Santa Fe FIT location; wellness-market angle plus GLP-1 follow-up education,https://www.fitmedicalweightloss.com/Locations/Santa-Fe-New-Mexico
FIT Medical Weight Loss,,,5058889575,,Las Cruces,NM,GLP1|MULTI_LOCATION,Clinic lead,Southern New Mexico FIT location; ask if body-confidence questions stay local or route to corporate,https://www.fitmedicalweightloss.com/Locations/Las-Cruces-New-Mexico
Covenant Clinic,,,5755560200,,Las Cruces,NM,GLP1|MEDICAL_OVERSIGHT,Clinic manager,Walk-in clinic lists GLP-1s and expanded hours; throughput and triage scripting are useful angles,https://www.covenant.clinic/services/weight-loss
LivingWell Weight Loss Clinic,,,5752595014,,Las Cruces,NM,GLP1,Owner / clinic lead,Semaglutide-focused affordability positioning; ask about education that reduces repeat inbound questions,https://livingwellweightloss.com/
Royal Medical Health,,,5059162457,,Albuquerque,NM,GLP1|BODY|MEDICAL_OVERSIGHT,Medical director / clinic manager,Full-service Albuquerque med spa with body contouring and medical weight loss; high-fit discovery call,https://royalmedicalhealth.com/
Dynasty Day & Med Spa,,,5058954090,dynastydaymedspa@gmail.com,Albuquerque,NM,GLP1|EMSCULPT|BODY|MEDICAL_OVERSIGHT,Owner / operations lead,Doctor-led med spa with Emsculpt Neo and medical weight loss; lead with stack-comparison question,https://www.dynastydaymedspa.com/
Optimum Human,,,5052260170,info@optimumabq.com,Albuquerque,NM,GLP1|EMSCULPT|BODY|MEDICAL_OVERSIGHT,Owner / clinic director,Luxury health center with body sculpting and weight loss; ask about executive wellness and body-confidence packages,https://optimumhuman.com/
Zia Infused Wellness,,,5058908955,ziainfusedwellness@gmail.com,Albuquerque,NM,GLP1|MORPHEUS8|BODY|MEDICAL_OVERSIGHT,NP / clinic lead,EvolveX plus Morpheus8 plus medical weight loss; high-priority multi-modality body prospect,https://ziainfusedwellness.setmore.com/
Contour Spa Albuquerque,,,5057501674,,Albuquerque,NM,CELLULITE|BODY|SKIN_TIGHTENING|MULTI_LOCATION,Studio lead,Cellulite and loose-skin copy is explicit; ask whether they are evaluating medical-grade alternatives,https://albuquerque.contourspa.com/
Silhouette Med Spa,,,5052575367,nica@silhouette-medspa.com,Albuquerque,NM,MORPHEUS8|SKIN_TIGHTENING,Owner / provider,Morpheus8 page lists RF microneedling and booking contacts; ask about non-needle body options,https://www.silhouette-medspa.com/service-page/morpheus-8
FitShop Med Spa,,,5058723348,nutrishop.fitshop@yahoo.com,Albuquerque,NM,COOLSCULPTING|EMSCULPT|BODY,Owner / clinic manager,Lists Emsculpt Neo plus CoolSculpting plus Vanquish; strong body-device comparison call,https://www.fitshopnm.com/
Flawless Med Spa & Wellness,,,5058881185,info@stayflawless.com,Albuquerque,NM,GLP1|BODY|REVIEWS,Owner / clinic manager,Semaglutide directory listing with strong reviews and body contouring; use qualified lead opener,https://semaglutidenearme.org/places/flawless-med-spa-wellness/
Blush Medical Spa,Desiree,Garcia,5054208344,,Albuquerque,NM,BODY|MEDICAL_OVERSIGHT,BSN RN / owner,Public Evolus profile names RN specialist and body contouring; ask who evaluates new body services,https://www.evolus.com/practices/blush-medical-spa/
Diversions Med Spa,,,5058211960,brooklyn@diversionsmedspa.com,Albuquerque,NM,BODY|SKIN_TIGHTENING,Practice manager,Contact page lists body contouring and RF microneedling; open on adding non-invasive body texture treatment,https://diversionsmedspa.com/contact/
Mariposa Health and Beauty Spa,Mary,Ellen,5056999466,mariposahealthspa@gmail.com,Santa Fe,NM,GLP1|MEDICAL_OVERSIGHT,Owner / program lead,Peptide weight-loss program names Mary Ellen; ask about patients nearing goal weight and body-confidence needs,https://www.mariposamedspasf.com/general-6
Nuyu Med Spa,,,5056816657,info@nuyumedspanm.com,Albuquerque,NM,SKIN_TIGHTENING,Owner / clinic manager,Med spa contact page lists laser and wellness treatments; ask whether body services are planned,https://nuyumedspanm.com/contact/
Nursify Aesthetics & Wellness,,,5055007900,nursifyaesthetics@gmail.com,Albuquerque,NM,GLP1|MEDICAL_OVERSIGHT,NP / nurse founder,Nurse-led GLP-1 concierge care; referral opener for in-home patients asking about laxity and contouring,https://nursifyaesthetics.com/concierge-medical-spa-medical-weight-loss-albuquerque/
RoadRunner Wellness IV Med Spa,,,5052166914,,Albuquerque,NM,GLP1|MEDICAL_OVERSIGHT,NP / clinic lead,Medical weight-loss page lists semaglutide and tirzepatide; ask about add-on aesthetics after metabolic progress,https://www.roadrunnermedspa.com/medical-weight-loss
Western Dermatology Consultants,,,5058555503,,Albuquerque,NM,MORPHEUS8|BODY|CELLULITE|MEDICAL_OVERSIGHT,Practice manager / dermatologist,Morpheus8 plus spa fat and cellulite services; credible derm-led device comparison prospect,https://westerndermatology.com/albuquerque-spa-skin-treatments/morpheus8
Dermaesthetics,,,5754944468,,Las Cruces,NM,GLP1|MEDICAL_OVERSIGHT,Owner / clinic lead,Downtown Las Cruces med spa lists semaglutide wellness shots; ask about non-invasive body services,https://www.dermaestheticslascruces.com/
Aeris Med Spa,,,5054334043,Hello@aerismedical.info,Albuquerque,NM,GLP1|MEDICAL_OVERSIGHT|REVIEWS,Owner / clinic manager,Best-of-city boutique med spa with medical weight loss; use local reputation and launch differentiation angle,https://www.localservicenearyou.com/businesses/aeris-med-spa
Fountain of Youth LC,,,5758059166,youthfulbliss2@gmail.com,Las Cruces,NM,GLP1|BODY|MEDICAL_OVERSIGHT,Physician / clinic manager,Physician-led GLP-1 plus PHYSIQ body contouring; high-priority body-after-weight-loss prospect,https://www.fountainofyouthlascruces.com/
Mariposa Transformation Wellness Center & Med Spa,,,5052346432,mariposa-transformation@outlook.com,Albuquerque,NM,GLP1|MEDICAL_OVERSIGHT,Owner / clinic lead,Wellness center lists medical weight-loss management; ask whether aesthetics add-ons are in the growth plan,https://www.mariposa-transformation.com/contact-us
Mirage Wellness Center & Medspa,,,5054203737,info@miragewellness.com,Rio Rancho,NM,GLP1|BODY|MEDICAL_OVERSIGHT,Owner / clinic manager,Semaglutide and tirzepatide plus body-contouring mission; strong Rio Rancho prospect,https://miragewellnessnm.com/
Ortega Wellness,,,5052257040,info@ortegawellness.com,Rio Rancho,NM,GLP1|MEDICAL_OVERSIGHT,Owner / clinic lead,Semaglutide directory listing for Rio Rancho wellness clinic; ask about body-confidence referral gaps,https://semaglutidenearme.org/places/ortega-wellness/
Roswell Aesthetics & Wellness,,,5757552221,,Roswell,NM,COOLSCULPTING|BODY|MEDICAL_OVERSIGHT,Owner / clinic manager,Lists CoolSculpting and IV wellness; ask if they need a cellulite and skin-tightening complement,https://www.roswellaesthetics.com/
Aesthetic Foundry,Stefania,Rok,5752084508,,Roswell,NM,COOLSCULPTING|BODY,Owner / provider,CoolSculpting Elite is positioned as an exclusive regional offer; use non-cryo and texture gap opener,https://aestheticfoundry.com/about/
